TIC,P_your,EPIC,P_k2,sep_arcsec
175194958,17.125,211969807,9.11,0.27505779184881657
293375721,16.23,211529065,17.23,0.03908551625435404
187309502,20.866,212554013,20.28,0.05668490142274503
113979956,35.822,210750726,32.21,0.10899556055831383
435339847,20.686,210363145,20.31,0.03017925963041671
366631954,24.244,211359660,24.99,0.018436785427265855
294319820,23.065,212440430,26.47,0.03535815454446081
238608004,18.253,212088059,18.29,0.03918873135239329
440687723,23.532,210838726,23.79,0.02155873683322996
12822545,16.414,205916793,16.68,0.11613059023422166
257436461,33.122,220241529,33.39,0.05302593159839129
146799150,12.677,206026136,12.82,0.023015910032363075
423358488,14.466,220194974,14.75,0.02725511128165048
175241633,11.113,211897691,11.59,0.03316714758864005
187273811,13.625,212555594,13.61,0.024270353175167438
38258419,21.761,206159027,22.15,0.020328182909467415
195193025,24.244,211916756,11.38,0.03111856681347995
135043332,7.056,212768333,7.18,0.11081437825145758
12181371,26.812,217941732,16.81,0.011318559898282104
115072772,26.855,212828909,27.48,0.05058286354873846
14111411,25.266,210968143,25.21,0.061404433056752965
39936432,29.429,206119924,29.83,0.012934066991255424
14635562,33.181,212006344,28.15,0.02924224343592067
380884458,30.5,220522262,30.11,0.10573633072816171
458686847,9.179,211331236,18.78,0.037906835393671304
337607207,8.733,211611158,17.3,0.033607447368830506
175265494,10.788,211913977,10.9,0.021221874967667104
90090343,23.688,214173069,24.22,0.027351836944943586
7059054,10.187,211818569,10.37,0.0398548643065479
376938120,33.119,220696233,30.04,0.11182450313570552
175262071,11.457,211970147,11.64,0.018328525272250745
293460551,30.19,211770795,27.32,0.047645378619844504
175194958,17.125,211969807,9.11,0.27505779184881657
293375721,16.23,211529065,17.23,0.03908551625435404
187309502,20.866,212554013,20.28,0.05668490142274503
113979956,35.822,210750726,32.21,0.10899556055831383
435339847,20.686,210363145,20.31,0.03017925963041671
366631954,24.244,211359660,24.99,0.018436785427265855
294319820,23.065,212440430,26.47,0.03535815454446081
238608004,18.253,212088059,18.29,0.03918873135239329
440687723,23.532,210838726,23.79,0.02155873683322996
12822545,16.414,205916793,16.68,0.11613059023422166
257436461,33.122,220241529,33.39,0.05302593159839129
146799150,12.677,206026136,12.82,0.023015910032363075
423358488,14.466,220194974,14.75,0.02725511128165048
175241633,11.113,211897691,11.59,0.03316714758864005
187273811,13.625,212555594,13.61,0.024270353175167438
38258419,21.761,206159027,22.15,0.020328182909467415
195193025,24.244,211916756,11.38,0.03111856681347995
135043332,7.056,212768333,7.18,0.11081437825145758
12181371,26.812,217941732,16.81,0.011318559898282104
115072772,26.855,212828909,27.48,0.05058286354873846
14111411,25.266,210968143,25.21,0.061404433056752965
39936432,29.429,206119924,29.83,0.012934066991255424
14635562,33.181,212006344,28.15,0.02924224343592067
380884458,30.5,220522262,30.11,0.10573633072816171
458686847,9.179,211331236,18.78,0.037906835393671304
337607207,8.733,211611158,17.3,0.033607447368830506
175265494,10.788,211913977,10.9,0.021221874967667104
90090343,23.688,214173069,24.22,0.027351836944943586
7059054,10.187,211818569,10.37,0.0398548643065479
376938120,33.119,220696233,30.04,0.11182450313570552
175262071,11.457,211970147,11.64,0.018328525272250745
293460551,30.19,211770795,27.32,0.047645378619844504
175193677,8.33,212178066,8.65,0.021317438225545195
388804061,36.367,201912552,36.62,0.11988358662063531
422349422,28.418,212460519,27.82,0.019726642734426616
291090078,14.823,201855371,14.81,0.04347597492965143
335102224,40.0,212496592,25.17,0.027667837595479985
301258470,12.356,246193072,24.33,0.011821860285400599
335322931,15.016,249826231,14.71,0.05649050265705716
27039476,18.132,247418783,18.37,0.053668898364222686
422487869,23.366,246472939,22.07,0.05430693578166781
5882269,8.854,247267267,8.84,0.03259630913182276
184914317,21.954,211964830,21.19,0.11665803320449547
2521105,17.997,212756297,18.25,0.027161848131368366
197246627,36.182,212072539,23.7,0.05185442222767084
50171060,17.077,204129699,17.03,0.02708740547502715
150096001,36.347,247887989,35.75,0.24765426415175118
345063080,14.053,248527514,14.56,0.010783104809475707
456945304,13.289,210797580,13.34,0.16591437750566804
173090902,20.009,201460826,20.0,0.04711559698670957
49462779,19.057,201208431,19.61,0.04297909132945122
332024125,20.239,212157262,20.34,0.026884016096952887
397022282,21.062,201677835,20.21,0.06330266574672089
49040478,6.28,205117205,6.25,0.03596659964698686
11023038,17.552,218916923,17.3,0.07875117473880708
301610040,11.428,201497682,11.68,0.03497583457859888
18310799,14.768,247589423,14.68,0.04717304912749604
436575927,28.531,246876040,28.57,0.03727487003445193
363444743,14.294,201833600,14.03,0.06853466953897366
175193677,8.33,212178066,8.65,0.021317438225545195
388804061,36.367,201912552,36.62,0.11988358662063531
422349422,28.418,212460519,27.82,0.019726642734426616
291090078,14.823,201855371,14.81,0.04347597492965143
335102224,40.0,212496592,25.17,0.027667837595479985
301258470,12.356,246193072,24.33,0.011821860285400599
335322931,15.016,249826231,14.71,0.05649050265705716
27039476,18.132,247418783,18.37,0.053668898364222686
422487869,23.366,246472939,22.07,0.05430693578166781
5882269,8.854,247267267,8.84,0.03259630913182276
184914317,21.954,211964830,21.19,0.11665803320449547
2521105,17.997,212756297,18.25,0.027161848131368366
197246627,36.182,212072539,23.7,0.05185442222767084
50171060,17.077,204129699,17.03,0.02708740547502715
150096001,36.347,247887989,35.75,0.24765426415175118
345063080,14.053,248527514,14.56,0.010783104809475707
456945304,13.289,210797580,13.34,0.16591437750566804
173090902,20.009,201460826,20.0,0.04711559698670957
49462779,19.057,201208431,19.61,0.04297909132945122
332024125,20.239,212157262,20.34,0.026884016096952887
397022282,21.062,201677835,20.21,0.06330266574672089
49040478,6.28,205117205,6.25,0.03596659964698686
11023038,17.552,218916923,17.3,0.07875117473880708
301610040,11.428,201497682,11.68,0.03497583457859888
18310799,14.768,247589423,14.68,0.04717304912749604
436575927,28.531,246876040,28.57,0.03727487003445193
363444743,14.294,201833600,14.03,0.06853466953897366
61312205,36.279,248861279,34.25,0.06649879975039305
432247315,10.868,249801827,10.98,0.014767543609630406
443616612,9.763,201205469,9.89,0.05597323632975345
903075188,21.062,201757695,21.02,0.07772959934960194
61312205,36.279,248861279,34.25,0.06649879975039305
432247315,10.868,249801827,10.98,0.014767543609630406
443616612,9.763,201205469,9.89,0.05597323632975345
903075188,21.062,201757695,21.02,0.07772959934960194
